Serial No._agi,Job Title_agi,Job Description_agi,Skillset_agi,Projects_agp
1,Agri-Tech Specialist,"Uses digital tools, IoT, and analytics to improve crop yield, reduce costs, and enhance farming efficiency.","Agriculture fundamentals, IoT & sensors, Data analytics, GIS tools, Basic programming (Python)","Smart irrigation system, Crop yield analysis, Farm management dashboard, Soil monitoring system, Precision farming model"
2,Precision Agriculture Analyst,"Uses data from satellites, drones, and sensors to optimize farming practices and minimize resource usage.","GIS & remote sensing, Data analysis, Agronomy knowledge, Python/R, Satellite data tools","Satellite crop data analysis, Yield prediction model, Soil moisture analysis, Drone data processing, Farm optimization dashboard"
3,Sustainable Agriculture Consultant,Advises farmers and organizations on eco-friendly farming methods to preserve resources and improve long-term productivity.,"Sustainable farming practices, Environmental science, Consulting, Data analysis, Communication","Sustainable farm plan, Soil conservation model, Water usage analysis, Organic farming strategy, Environmental impact report"
4,Agricultural Data Scientist,"Applies machine learning and analytics to agricultural datasets to predict yields, detect diseases, and optimize resources.","Python (ML), Data analytics, Statistics, Agriculture knowledge, Visualization","Crop yield prediction model, Disease detection ML model, Weather impact analysis, Farm analytics dashboard, Recommendation system"
5,Smart Irrigation Engineer,Designs automated irrigation systems that use sensors and real-time data to optimize water consumption.,"IoT systems, Electronics, Water management, Programming, Automation","Automated irrigation system, Soil moisture sensor setup, Water optimization model, IoT dashboard, Field testing"
6,Agri Supply Chain Analyst,Analyzes and optimizes the agricultural supply chain from farm to market to reduce waste and improve efficiency.,"Supply chain management, Data analysis, Logistics, Excel/SQL, Forecasting","Supply chain mapping, Demand forecasting model, Waste reduction analysis, Logistics optimization, Dashboard"
7,Climate Change Analyst (Agri),Studies the impact of climate change on agriculture and develops strategies to mitigate risks.,"Climate science, Data modeling, GIS, Research, Reporting","Climate impact analysis, Crop risk model, Weather trend analysis, Adaptation strategy, Report"
8,Organic Farming Specialist,Promotes and manages organic farming practices that avoid synthetic chemicals and enhance soil health.,"Organic farming, Soil science, Pest control, Crop planning, Sustainability","Organic farm design, Soil health analysis, Pest control system, Crop rotation plan, Case study"
9,Agricultural Economist,"Analyzes economic aspects of agriculture including market pricing, global trade, and policy impacts.","Economics, Data analysis, Modeling, Policy knowledge, Research","Price analysis model, Farm income study, Policy impact analysis, Market trends, Report"
10,Farm Operations Manager,Manages farm activities using integrated technology to improve productivity and operational efficiency.,"Farm management, Technology tools, Operations, Analytics, Leadership","Farm workflow system, Resource planning, Productivity dashboard, Automation plan, Cost analysis"
11,Agri IoT Engineer,"Develops IoT-based systems for monitoring crops, soil, and environmental conditions in real-time.","IoT, Sensors, Embedded systems, Programming, Networking","IoT farm system, Sensor network, Monitoring dashboard, Automation system, Data analysis"
12,Soil Scientist,"Studies soil composition, fertility, and management to improve agricultural productivity.","Soil science, Lab analysis, Data interpretation, Agriculture knowledge, Research","Soil testing, Fertility analysis, Soil classification, Improvement plan, Report"
13,Agri Drone Specialist,"Uses drones for precision crop monitoring, automated spraying, and large-scale data collection.","Drone operation, GIS, Imaging, Data analysis, Agriculture","Drone mapping, Crop monitoring, Spray simulation, Image analysis, Dashboard"
14,Sustainable Supply Chain Manager,"Ensures supply chains are environmentally friendly, ethical, and operationally efficient.","Supply chain, Sustainability, Analytics, Logistics, Strategy","Green supply chain model, Waste reduction plan, Logistics optimization, Carbon footprint analysis, Dashboard"
15,Agronomy Specialist,Focuses on crop production and advanced soil management techniques to improve overall yield.,"Agronomy, Crop science, Soil management, Data analysis, Research","Crop study, Yield optimization, Soil analysis, Crop rotation, Report"
16,Hydroponics Engineer,Designs systems to grow plants without soil using nutrient-rich water solutions and climate control.,"Hydroponics, Engineering, Water systems, Biology, Automation","Hydroponic setup, Nutrient system, Growth analysis, Automation, Dashboard"
17,Environmental Data Analyst,Analyzes environmental data to support sustainable agriculture practices and conservation.,"Data analysis, GIS, Environmental science, Python, Visualization","Environmental dataset, Analysis, Dashboard, Trend study, Report"
18,Agri Product Manager,"Leads development of agricultural technology products, software platforms, and hardware solutions.","Product management, Agriculture, UX, Analytics, Strategy","Product roadmap, MVP design, User research, Feature prioritization, Dashboard"
19,Renewable Energy Specialist (Agri),Implements renewable energy solutions like solar and wind power in agricultural operations.,"Renewable energy, Engineering, Sustainability, Analysis, Systems","Solar farm model, Energy analysis, Cost-benefit, System design, Report"
20,Food Safety Analyst,Ensures food products meet safety and quality standards from farm to point of consumption.,"Food safety, Regulations, Analysis, Inspection, Reporting","Safety audit, Risk analysis, Monitoring system, Report, Dashboard"
21,Vertical Farming Specialist,Designs and manages indoor vertical farms using controlled environments to maximize yield.,"Controlled environment agriculture, Hydroponics/aeroponics, IoT systems, Data monitoring, Plant science","Vertical farm design, Lighting optimization system, Growth monitoring dashboard, Nutrient control model, Yield analysis"
22,Agri Business Analyst,Analyzes agricultural businesses to improve profitability and decision-making through data insights.,"Business analysis, Agriculture economics, Data analytics, Reporting, Strategy","Farm business analysis, Profitability model, Cost optimization, Market research, Dashboard"
23,Water Resource Manager,Manages water usage in agriculture to ensure sustainability and regulatory compliance.,"Water management, Hydrology, Data analysis, GIS, Planning","Water usage model, Irrigation plan, Resource optimization, Risk analysis, Dashboard"
24,Agri Export Manager,"Handles export of agricultural products, ensuring compliance, international logistics, and profitability.","Trade regulations, Logistics, Supply chain, Communication, Market analysis","Export plan, Market analysis, Logistics model, Cost analysis, Documentation system"
25,Crop Scientist,"Researches crop genetics and growth physiology to improve yield, quality, and resilience.","Plant biology, Genetics, Research, Data analysis, Lab techniques","Crop study, Yield experiment, Genetic analysis, Report, Case study"
26,Agri Marketing Specialist,"Develops targeted marketing strategies for agricultural products, machinery, and services.","Marketing, Agriculture knowledge, Communication, Analytics, Strategy","Marketing plan, Campaign, Branding, Market analysis, Dashboard"
27,Sustainable Packaging Specialist,"Designs eco-friendly, biodegradable packaging solutions for agricultural and food products.","Sustainability, Materials science, Design, Analysis, Compliance","Packaging design, Material analysis, Cost comparison, Sustainability report, Prototype"
28,Agri Finance Analyst,"Analyzes financial performance, risk, and investments in agricultural businesses.","Finance, Agriculture economics, Data analysis, Modeling, Reporting","Financial model, Investment analysis, Cost-benefit, Dashboard, Report"
29,Climate Smart Agri Specialist,Develops farming practices that adapt to climate change while reducing carbon footprint.,"Climate science, Agriculture, Data analysis, Sustainability, Planning","Climate strategy, Risk model, Adaptation plan, Dashboard, Report"
30,Agri Logistics Manager,"Manages transportation, cold storage, and distribution of agricultural goods efficiently.","Logistics, Supply chain, Analytics, Planning, Operations","Logistics model, Route optimization, Storage system, Dashboard, Cost analysis"
31,Forestry Specialist,"Manages forests and natural resources for sustainability, conservation, and timber production.","Forestry, Environmental science, GIS, Conservation, Analysis","Forest management plan, Resource analysis, GIS mapping, Conservation strategy, Report"
32,Agri Policy Analyst,Analyzes agricultural policies and their socio-economic impact on farmers and markets.,"Policy analysis, Economics, Research, Data analysis, Reporting","Policy study, Impact analysis, Report, Data analysis, Case study"
33,Farm Automation Engineer,"Designs automated robotic systems for planting, harvesting, and field monitoring.","Robotics, IoT, Programming, Engineering, Automation","Automation system, Sensor integration, Monitoring dashboard, Prototype, Testing"
34,Carbon Footprint Analyst (Agri),Measures and creates strategies to reduce carbon emissions in agricultural operations.,"Environmental science, Data analysis, Sustainability, Reporting, Modeling","Carbon calculation, Emission model, Reduction strategy, Dashboard, Report"
35,Aquaculture Specialist,Manages fish farming and aquatic food production systems using controlled environments.,"Aquaculture, Biology, Water management, Monitoring, Analysis","Fish farm model, Water quality analysis, Growth tracking, Dashboard, Case study"
36,Food Processing Technologist,Improves industrial methods of processing and preserving food products.,"Food science, Processing techniques, Quality control, Analysis, Engineering","Processing system, Quality analysis, Shelf-life study, Optimization, Report"
37,Agri Startup Founder,Builds innovative startups solving modern agricultural or sustainability challenges.,"Entrepreneurship, Strategy, Product development, Marketing, Fundraising","Startup idea, MVP, Business plan, Pitch deck, Growth strategy"
38,Waste Management Specialist (Agri),Manages agricultural waste and converts it into resources like compost or bio-energy.,"Waste management, Sustainability, Engineering, Analysis, Planning","Waste system, Recycling model, Compost system, Analysis, Report"
39,Food Supply Chain Analyst,Analyzes food supply chains to improve operational efficiency and reduce perishability.,"Supply chain, Data analysis, Logistics, Forecasting, Reporting","Supply chain model, Demand forecasting, Waste reduction, Dashboard, Analysis"
40,Biodiversity Specialist,Protects and studies biodiversity in agricultural ecosystems to improve resilience.,"Ecology, Data analysis, Research, Conservation, Reporting","Biodiversity study, Data analysis, Conservation plan, Dashboard, Report"
41,Agri GIS Specialist,Uses geographic data and mapping to analyze and improve land-use and agricultural practices.,"GIS tools, Remote sensing, Data analysis, Mapping, Agriculture","GIS mapping, Data analysis, Crop mapping, Dashboard, Report"
42,Sustainable Dev Consultant,Advises organizations on implementing sustainable practices in agriculture and corporate environments.,"Sustainability, Consulting, Data analysis, Strategy, Communication","Sustainability plan, Analysis, Strategy, Dashboard, Report"
43,Agri Extension Officer,"Educates farmers about new technologies, research findings, and best practices.","Communication, Agriculture, Training, Fieldwork, Problem-solving","Training program, Farmer outreach, Case study, Feedback system, Report"
44,Food Innovation Specialist,"Develops new food products, sustainable alternatives, and food tech solutions.","Food science, Innovation, Research, Analysis, Creativity","Product development, Testing, Analysis, Report, Prototype"
45,Renewable Farming Systems Designer,Designs farm infrastructures that integrate renewable energy and sustainable resource management.,"Sustainability, Engineering, Agriculture, Planning, Analysis","Farm design, Energy system, Analysis, Dashboard, Report"
46,Smart Greenhouse Engineer,"Designs greenhouses with automated climate control, irrigation, and monitoring systems.","IoT, Climate control, Engineering, Programming, Agriculture","Greenhouse system, Automation, Monitoring, Dashboard, Testing"
47,Agroforestry Specialist,"Combines agriculture and forestry to create sustainable, high-yield land-use systems.","Forestry, Agriculture, Ecology, Planning, Analysis","Agroforestry model, Land analysis, Sustainability plan, Dashboard, Report"
48,Food Waste Analyst,Analyzes data to quantify and reduce food waste across the entire supply chain.,"Data analysis, Supply chain, Sustainability, Reporting, Research","Waste analysis, Reduction model, Dashboard, Strategy, Report"
49,Rural Development Specialist,"Works on improving rural infrastructure, economies, and agricultural support systems.","Development studies, Agriculture, Policy, Communication, Analysis","Development plan, Impact analysis, Case study, Dashboard, Report"
50,Chief Sustainability Officer,Leads corporate sustainability strategy and environmental initiatives at the executive level.,"Leadership, Sustainability, Strategy, Data analysis, Decision-making","Sustainability strategy, KPI dashboard, Environmental plan, Reporting system, Executive report"
