serial number FFS,Role_FFS,Job Description_FFS,Full Skillset,Top 5 Projects
1,Financial Analyst,"Evaluates financial data, builds predictive models, and supports strategic decisions using data-driven insights.","Financial modeling, Excel, SQL, Python, Risk analysis, Fintech products","Revenue forecast model, Trend detection, KPI dashboard, Cost-benefit analysis, Portfolio tracker"
2,Risk Analyst,"Identifies and mitigates financial risks (credit, market, operational) using quantitative techniques.","Risk modeling (VaR), Python/R, Credit risk assessment, Basel III, Data viz","Credit scoring model, Monte Carlo simulation, Loan default analysis, Risk dashboard, Stress-test platform"
3,Payment Systems Eng.,"Designs and maintains secure digital payment systems like UPI, gateways, and wallets.","APIs, Payment protocols (ISO 8583), Java/Node.js, Cybersecurity, Databases","Payment API, Wallet system, UPI simulation, Fraud logic design, Real-time processing system"
4,Blockchain Dev,Develops DApps and smart contracts for financial transactions and digital assets.,"Solidity, Ethereum, Web3.js, Cryptography, Distributed systems","Crypto token creation, Lending smart contract, Voting app, NFT marketplace, Blockchain payment system"
5,Compliance Analyst,Ensures financial institutions follow laws (AML/KYC) and internal policies.,"AML/KYC regs, Audit processes, Data analysis, Reporting, Risk frameworks","KYC workflow, AML monitoring simulation, Audit checklist, Suspicious transaction analysis, Regulatory template"
6,Quant Analyst,"Uses mathematical models to price assets, manage risk, and build trading strategies.","Advanced Math, Python (NumPy/SciPy), ML, Derivatives, Algorithmic trading","Stock prediction model, Trading bot, Black-Scholes implementation, Strategy backtesting, Portfolio optimization"
7,Credit Analyst,Evaluates borrowers’ creditworthiness and determines lending risks.,"Statement analysis, Scoring models, Excel, SQL, Banking regulations","Credit scoring system, Loan portfolio risk, Borrower evaluation tool, EMI calculator, Approval case study"
8,Fintech Product Mgr,"Leads development of financial products like apps, lending platforms, or payment systems.","Roadmap mgmt, UX/UI, Market research, Agile/Scrum, Data-driven decisions","Fintech MVP design, Product roadmap, User research study, App wireframes, Product launch strategy"
9,Fraud Analyst,Detects and prevents fraudulent activities using data analytics and monitoring tools.,"Fraud systems, Python/SQL, Pattern recognition, Cybersecurity, ML","Fraud ML model, Transaction dataset analysis, Anomaly detection, Alert dashboard, Real-time monitoring"
10,Invest. Banking Analyst,Supports M&A and capital raising with financial modeling and market research.,"Financial modeling, Valuation (DCF), Excel/PPT, Market research, Corp finance","Company valuation model, M&A case study, IPO analysis, Investor pitch deck, Statement analysis project"
11,Data Engineer,Builds and maintains data pipelines for reliable and scalable financial data flow.,"SQL, Python, ETL (Airflow/Spark), Data warehousing, Cloud (AWS/GCP)","Transaction ETL pipeline, Data warehouse setup, Kafka streaming, Dataset cleaning, Pipeline monitor"
12,Treasury Analyst,"Manages liquidity, cash flow, and financial risk for organizations.","Cash forecasting, Modeling, Risk mgmt, Excel, ERP systems","Cash flow forecast, Liquidity scenario, Treasury dashboard, FX exposure analysis, Working capital model"
13,Wealth Manager,"Advises clients on investments, portfolio management, and financial planning.","Investment strategy, Portfolio mgmt, Planning, Client relations, Market analysis","Diversified portfolio, Retirement model, Market trend analysis, Client plan, Risk-return analysis"
14,InsurTech Specialist,Works on digital insurance platforms to improve underwriting and claims.,"Insurance domain, Data analytics, Automation, API integration, Risk modeling","Premium calculator, Claim workflow automation, Risk dataset analysis, Digital insurance app, Claim fraud system"
15,Algo Trading Dev,Designs automated trading systems using algorithms and market data.,"Python/C++, Market knowledge, Quant analysis, APIs, Machine learning","API trading bot, Strategy backtesting, Momentum model, Market signal analysis, Automated dashboard"
16,Banking Ops Analyst,"Handles daily banking operations, transactions, and process optimization.","Banking systems, Process optimization, Excel, Compliance, Communication","Workflow process map, Transaction system optimization, Ops dashboard, Service metrics, Manual task automation"
17,Fin. Data Scientist,Applies ML to financial data for predictions and insights.,"Python (ML), Statistics, Big data tools, Visualization, Finance domain","Loan default model, Fraud ML system, Customer segmentation, Stock trend prediction, Rec-system"
18,Loan Officer (Digital),Evaluates loan applications using digital platforms and credit data.,"Credit analysis, Loan processing, Financial evaluation, Customer handling","Loan approval system, Borrower scoring, Lending dataset analysis, EMI calculator, Case study"
19,RegTech Specialist,Develops tech solutions to meet regulatory requirements efficiently.,"Regulatory frameworks, Analytics, Automation, Compliance systems, Risk mgmt","Reg-reporting tool, Compliance automation, AML monitoring, KYC automation, Audit tracking"
20,Digital Bank Manager,"Oversees digital banking services, apps, and online customer experience.","Product mgmt, Banking systems, UX/UI, Analytics, Customer experience","Digital app design, User engagement analysis, Feature roadmap, Onboarding improvement, Feedback system"
21,Equity Research Anlyst,Analyzes stocks and companies to provide investment recommendations.,"Financial analysis, Valuation models, Excel, Market trends, Report writing","Stock research report, Valuation model, Industry trend analysis, Financial comparison, Investment recommendation"
22,Derivatives Analyst,Works with financial derivatives like options and futures.,"Options pricing, Risk mgmt, Quant analysis, Python/Excel, Markets","Black-Scholes model, Options strategy analysis, Pricing tool, Hedging simulation, Risk dashboard"
23,Fin. Software Dev,Develops software applications for banking and financial services.,"Java/Python/C#, APIs, DB mgmt, Security practices, Agile","Banking backend, Transaction system, Payment API, Financial dashboard, Auth system"
24,AML Analyst,Monitors and investigates suspicious financial activities.,"AML regs, Data analysis, Investigation, Reporting, Compliance tools","Suspicious activity model, Pattern analysis, AML dashboard, Investigation simulation, Alert system"
25,Financial Planner,"Helps individuals manage finances, investments, and goals.","Budgeting, Investment planning, Tax knowledge, Communication, Fin-tools","Personal plan, Budgeting app, Retirement model, Strategy simulation, Tax optimization"
26,Core Banking Engineer,Maintains systems handling transactions and accounts.,"Banking architecture, Backend, Databases, Security, APIs","Core system simulation, Account module, Transaction engine, DB schema, Audit logging"
27,Fintech UX Designer,Designs intuitive interfaces for financial applications.,"Figma, User research, Prototyping, Design thinking, Accessibility","Fintech app UI, Wallet wireframes, Usability testing, Prototype, Dashboard redesign"
28,Portfolio Manager,Manages investment portfolios to maximize returns.,"Portfolio theory, Market analysis, Risk mgmt, Modeling, Decision-making","Portfolio build, Risk-return analysis, Portfolio dashboard, Strategy backtest, Allocation model"
29,Financial Auditor,Examines financial records to ensure accuracy and compliance.,"Accounting principles, Audit procedures, Risk assessment, Excel, Reporting","Mock audit, Statement analysis, Audit checklist, Discrepancy identification, Audit report"
30,Payment Fraud Spec.,Focuses on preventing fraud in digital payments.,"Fraud detection, Analytics, Payment systems, ML, Cybersecurity","Fraud model, Payment dataset analysis, Anomaly detection, Fraud dashboard, Fraud scenarios"
31,Robo-Advisory Dev,Builds automated investment advisory platforms.,"Python, Portfolio algorithms, APIs, Finance, UI basics","Robo-advisor app, Recommendation engine, Risk profiling, Strategy backtest, Investment dashboard"
32,Credit Risk Modeler,Develops models to predict credit defaults.,"Statistics, ML, Python/R, Risk modeling, Data analysis","Credit risk ML model, Loan data analysis, Scoring system, Model validation, Risk dashboard"
33,Banking Relationship Mgr,Maintains client relationships and manages services.,"Communication, Sales, Fin-knowledge, CRM tools, Service","Client analysis, CRM simulation, Sales plan, Customer segmentation, Service improvement"
34,Fin. Operations Mgr,Oversees financial processes and operational efficiency.,"Process mgmt, Finance, Analytics, Leadership, ERP","Workflow optimization, Ops dashboard, Cost reduction, Process automation, KPI tracking"
35,Crypto Analyst,"Analyzes crypto markets, blockchain data, and assets.","Blockchain, Market analysis, Python, Analytics, Trading concepts","Crypto trend analysis, Crypto dashboard, ML price prediction, On-chain study, Portfolio tracker"
36,Financial Risk Mgr,Manages overall financial risks in an organization.,"Risk frameworks, Modeling, Analytics, Regulations, Decision-making","Enterprise risk model, Stress testing, Risk dashboard, Scenario analysis, Mitigation plan"
37,Lending Product Mgr,Manages digital lending products and services.,"Product mgmt, Credit systems, UX, Analytics, Agile","Lending app concept, Loan workflow design, User journey analysis, Product roadmap, KPI tracking"
38,Trade Finance Spec.,Handles international trade financing and documentation.,"Trade finance, Documentation, Risk mgmt, Banking systems, Compliance","Trade process simulation, LC transaction analysis, Risk assessment, Workflow design, Documentation system"
39,Fin. Systems Analyst,Improves financial software systems and processes.,"System analysis, Finance, SQL, ERP systems, Problem-solving","Financial system analysis, Reporting tool, Workflow improvement, Documentation, Dashboard creation"
40,NeoBank Ops Spec.,Manages operations in digital-only banks.,"Digital banking, Ops, Compliance, Customer service, Analytics","Neobank workflow, Onboarding analysis, Ops dashboard, Process automation, Experience improvement"
41,Financial API Dev,"Develops APIs for payments, banking, and data sharing.","REST APIs, Backend, Security, OAuth, Database","Payment API, Banking API, Secure auth system, API testing, API documentation"
42,Microfinance Analyst,Analyzes micro-lending and financial inclusion models.,"Financial analysis, Rural finance, Risk assessment, Data analysis, Reporting","Microfinance data analysis, Lending model, Impact analysis, Risk assessment, Case study"
43,Invest. Analyst (Plat),Works on digital investment platforms analyzing assets.,"Financial analysis, Market research, Portfolio tools, Analytics, Reporting","Investment model, Stock analysis, Portfolio dashboard, Trend analysis, Recommendation system"
44,Fin. Chatbot Dev,Builds AI chatbots for banking and finance services.,"NLP, Python, APIs, Chatbot frameworks, UX","Banking chatbot, NLP integration, Query automation, Chatbot UI, FAQ system"
45,Open Banking Spec.,Works with APIs and data sharing in open ecosystems.,"Open banking standards, APIs, Security, Compliance, Integration","Open banking API, Data sharing system, Security implementation, Consent system, App integration"
46,Financial BI Analyst,Creates dashboards and insights for decision-making.,"Power BI/Tableau, SQL, Data analysis, Reporting, Finance","Financial dashboard, KPI tracking, Revenue analysis, Forecast visualization, Interactive reports"
47,Payment Product Anlyst,Analyzes payment product performance and user behavior.,"Data analytics, Product metrics, SQL/Python, UX, Reporting","Payment data analysis, KPI dashboard, Behavior analysis, Feature study, Optimization report"
48,Banking Cyber Analyst,Protects banking systems from cyber threats.,"Cybersecurity, Network security, Risk assessment, Monitoring, Compliance","Cyber attack simulation, Security dashboard, Threat analysis, Risk assessment, Security audit"
49,Fintech Growth Anlyst,"Focuses on user acquisition, retention, and growth.","Growth marketing, Analytics, A/B testing, Product metrics, SQL","Growth strategy, A/B test analysis, Funnel analysis, Retention model, Marketing dashboard"
50,Fintech CFO,Leads financial strategy and management of a fintech firm.,"Leadership, Strategy, Risk mgmt, Fundraising, Corp finance","Strategic plan, Budget forecast, Investor pitch, Risk framework, Financial KPI dashboard"
